"File","Line","Column","Code","Message"
"AspNetCore\src\Umbrella.AspNetCore.Blazor\Components\Radio\UmbrellaRadio.razor.cs","53","18","IL2091","'T' generic argument does not satisfy 'DynamicallyAccessedMemberTypes.All' in 'Microsoft.AspNetCore.Components.BindConverter.TryConvertTo<T>(Object, CultureInfo, out T)'. The generic parameter 'TValue' of 'Umbrella.AspNetCore.Blazor.Components.Radio.UmbrellaRadioBase<TValue>' does not have matching annotations. The source value must declare at least the same requirements as those declared on the target location it is assigned to."
"AspNetCore\src\Umbrella.AspNetCore.Blazor\Components\Validation\ObjectGraphDataAnnotationsValidator.cs","61","27","IL2026","Using member 'System.ComponentModel.DataAnnotations.ValidationContext.ValidationContext(Object, IServiceProvider, IDictionary<Object, Object>)' which has 'RequiresUnreferencedCodeAttribute' can break functionality when trimming application code. Constructing a ValidationContext without a display name is not trim-safe because it uses reflection to discover the type of the instance being validated in order to resolve the DisplayNameAttribute when a display name is not provided."
"AspNetCore\src\Umbrella.AspNetCore.Blazor\Components\Validation\ObjectGraphDataAnnotationsValidator.cs","98","22","IL2075","'this' argument does not satisfy 'DynamicallyAccessedMemberTypes.PublicProperties' in call to 'System.Type.GetProperty(String)'. The return value of method 'System.Object.GetType()' does not have matching annotations. The source value must declare at least the same requirements as those declared on the target location it is assigned to."
"AspNetCore\src\Umbrella.AspNetCore.Blazor\Components\Validation\ObjectGraphDataAnnotationsValidator.cs","104","28","IL2026","Using member 'System.ComponentModel.DataAnnotations.ValidationContext.ValidationContext(Object, IServiceProvider, IDictionary<Object, Object>)' which has 'RequiresUnreferencedCodeAttribute' can break functionality when trimming application code. Constructing a ValidationContext without a display name is not trim-safe because it uses reflection to discover the type of the instance being validated in order to resolve the DisplayNameAttribute when a display name is not provided."
"AspNetCore\src\Umbrella.AspNetCore.Blazor\Infrastructure\UmbrellaReadOnlyRemoteDataAccessGridComponentBase.cs","29","87","IL2112","'DynamicallyAccessedMembersAttribute' on 'Umbrella.AspNetCore.Blazor.Infrastructure.UmbrellaReadOnlyRemoteDataAccessGridComponentBase<TItemModel, TPaginatedResultModel, TRepository>' or one of its base types references 'Umbrella.AspNetCore.Blazor.Infrastructure.UmbrellaReadOnlyRemoteDataAccessGridComponentBase<TItemModel, TPaginatedResultModel, TRepository>.Repository.set' which requires unreferenced code.  Dynamically set by Dependency Injection."
"AspNetCore\src\Umbrella.AspNetCore.Blazor\obj\Release\net10.0\Microsoft.CodeAnalysis.Razor.Compiler\Microsoft.NET.Sdk.Razor.SourceGenerators.RazorSourceGenerator\Components\Dialog\UmbrellaDialogHost_razor.g.cs","105","17","IL2111","Method 'Microsoft.AspNetCore.Components.DynamicComponent.Type.set' with parameters or return value with `DynamicallyAccessedMembersAttribute` is accessed via reflection. Trimmer can't guarantee availability of the requirements of the method."
"AspNetCore\src\Umbrella.AspNetCore.Blazor\obj\Release\net10.0\Microsoft.CodeAnalysis.Razor.Compiler\Microsoft.NET.Sdk.Razor.SourceGenerators.RazorSourceGenerator\Components\FileImagePreviewUpload\UmbrellaFileImagePreviewUpload_razor.g.cs","297","13","IL2026","Using member 'Umbrella.AspNetCore.Blazor.Components.DynamicImage.UmbrellaDynamicImage.DynamicImageUtility.set' which has 'RequiresUnreferencedCodeAttribute' can break functionality when trimming application code. Dynamically set by Dependency Injection."
"AspNetCore\src\Umbrella.AspNetCore.Blazor\obj\Release\net10.0\Microsoft.CodeAnalysis.Razor.Compiler\Microsoft.NET.Sdk.Razor.SourceGenerators.RazorSourceGenerator\Components\FileImagePreviewUpload\UmbrellaFileImagePreviewUpload_razor.g.cs","297","13","IL2026","Using member 'Umbrella.AspNetCore.Blazor.Components.DynamicImage.UmbrellaDynamicImage.Options.set' which has 'RequiresUnreferencedCodeAttribute' can break functionality when trimming application code. Dynamically set by Dependency Injection."
"AspNetCore\src\Umbrella.AspNetCore.Blazor\obj\Release\net10.0\Microsoft.CodeAnalysis.Razor.Compiler\Microsoft.NET.Sdk.Razor.SourceGenerators.RazorSourceGenerator\Components\FileImagePreviewUpload\UmbrellaFileImagePreviewUpload_razor.g.cs","297","13","IL2026","Using member 'Umbrella.AspNetCore.Blazor.Components.ResponsiveImage.UmbrellaResponsiveImage.ResponsiveImageHelper.set' which has 'RequiresUnreferencedCodeAttribute' can break functionality when trimming application code. Dynamically set by Dependency Injection."
"AspNetCore\src\Umbrella.AspNetCore.Blazor\obj\Release\net10.0\Microsoft.CodeAnalysis.Razor.Compiler\Microsoft.NET.Sdk.Razor.SourceGenerators.RazorSourceGenerator\Components\FileImagePreviewUpload\UmbrellaFileImagePreviewUpload_razor.g.cs","681","13","IL2026","Using member 'Umbrella.AspNetCore.Blazor.Components.DynamicImage.UmbrellaDynamicImage.DynamicImageUtility.set' which has 'RequiresUnreferencedCodeAttribute' can break functionality when trimming application code. Dynamically set by Dependency Injection."
"AspNetCore\src\Umbrella.AspNetCore.Blazor\obj\Release\net10.0\Microsoft.CodeAnalysis.Razor.Compiler\Microsoft.NET.Sdk.Razor.SourceGenerators.RazorSourceGenerator\Components\FileImagePreviewUpload\UmbrellaFileImagePreviewUpload_razor.g.cs","681","13","IL2026","Using member 'Umbrella.AspNetCore.Blazor.Components.DynamicImage.UmbrellaDynamicImage.Options.set' which has 'RequiresUnreferencedCodeAttribute' can break functionality when trimming application code. Dynamically set by Dependency Injection."
"AspNetCore\src\Umbrella.AspNetCore.Blazor\obj\Release\net10.0\Microsoft.CodeAnalysis.Razor.Compiler\Microsoft.NET.Sdk.Razor.SourceGenerators.RazorSourceGenerator\Components\FileImagePreviewUpload\UmbrellaFileImagePreviewUpload_razor.g.cs","681","13","IL2026","Using member 'Umbrella.AspNetCore.Blazor.Components.ResponsiveImage.UmbrellaResponsiveImage.ResponsiveImageHelper.set' which has 'RequiresUnreferencedCodeAttribute' can break functionality when trimming application code. Dynamically set by Dependency Injection."
"AspNetCore\src\Umbrella.AspNetCore.Blazor\obj\Release\net10.0\Microsoft.CodeAnalysis.Razor.Compiler\Microsoft.NET.Sdk.Razor.SourceGenerators.RazorSourceGenerator\Components\Grid\Dialogs\DateRangeDialog_razor.g.cs","94","13","IL2026","Using member 'Umbrella.AspNetCore.Blazor.Components.Dialog.UmbrellaDialog.JSRuntime.set' which has 'RequiresUnreferencedCodeAttribute' can break functionality when trimming application code. Dynamically set by Dependency Injection."
"AspNetCore\src\Umbrella.AspNetCore.Blazor\obj\Release\net10.0\Microsoft.CodeAnalysis.Razor.Compiler\Microsoft.NET.Sdk.Razor.SourceGenerators.RazorSourceGenerator\Components\Grid\Dialogs\DateRangeDialog_razor.g.cs","94","13","IL2026","Using member 'Umbrella.AspNetCore.Blazor.Components.Dialog.UmbrellaDialog.Navigation.set' which has 'RequiresUnreferencedCodeAttribute' can break functionality when trimming application code. Dynamically set by Dependency Injection."
"AspNetCore\src\Umbrella.AspNetCore.Blazor\obj\Release\net10.0\Microsoft.CodeAnalysis.Razor.Compiler\Microsoft.NET.Sdk.Razor.SourceGenerators.RazorSourceGenerator\Components\Grid\UmbrellaGrid_razor.g.cs","2285","17","IL2026","Using member 'Umbrella.AspNetCore.Blazor.Components.Pagination.UmbrellaPagination.Logger.set' which has 'RequiresUnreferencedCodeAttribute' can break functionality when trimming application code. Dynamically set by Dependency Injection."
"AspNetCore\src\Umbrella.AspNetCore.Blazor\obj\Release\net10.0\Microsoft.CodeAnalysis.Razor.Compiler\Microsoft.NET.Sdk.Razor.SourceGenerators.RazorSourceGenerator\Components\Grid\UmbrellaGrid_razor.g.cs","2607","17","IL2026","Using member 'Umbrella.AspNetCore.Blazor.Components.Pagination.UmbrellaPagination.Logger.set' which has 'RequiresUnreferencedCodeAttribute' can break functionality when trimming application code. Dynamically set by Dependency Injection."
"AspNetCore\src\Umbrella.AspNetCore.Blazor\obj\Release\net10.0\Microsoft.CodeAnalysis.Razor.Compiler\Microsoft.NET.Sdk.Razor.SourceGenerators.RazorSourceGenerator\Components\Input\UmbrellaInputList_razor.g.cs","224","49","IL2091","'T' generic argument does not satisfy 'DynamicallyAccessedMemberTypes.All' in 'Microsoft.AspNetCore.Components.BindConverter.FormatValue<T>(T, CultureInfo)'. The generic parameter 'T' of 'Umbrella.AspNetCore.Blazor.Components.Input.UmbrellaInputList<T>' does not have matching annotations. The source value must declare at least the same requirements as those declared on the target location it is assigned to."
"AspNetCore\src\Umbrella.AspNetCore.Blazor\obj\Release\net10.0\Microsoft.CodeAnalysis.Razor.Compiler\Microsoft.NET.Sdk.Razor.SourceGenerators.RazorSourceGenerator\Components\Input\UmbrellaInputList_razor.g.cs","233","51","IL2091","'T' generic argument does not satisfy 'DynamicallyAccessedMemberTypes.All' in 'Microsoft.AspNetCore.Components.EventCallbackFactoryBinderExtensions.CreateBinder<T>(EventCallbackFactory, Object, Action<T>, T, CultureInfo)'. The generic parameter 'T' of 'Umbrella.AspNetCore.Blazor.Components.Input.UmbrellaInputList<T>' does not have matching annotations. The source value must declare at least the same requirements as those declared on the target location it is assigned to."
"AspNetCore\src\Umbrella.AspNetCore.Blazor\obj\Release\net10.0\Microsoft.CodeAnalysis.Razor.Compiler\Microsoft.NET.Sdk.Razor.SourceGenerators.RazorSourceGenerator\Components\Input\UmbrellaInputRadio_razor.g.cs","102","13","IL2091","'TValue' generic argument does not satisfy 'DynamicallyAccessedMemberTypes.All' in 'Microsoft.AspNetCore.Components.Forms.InputRadio<TValue>'. The generic parameter 'TValue' of 'Umbrella.AspNetCore.Blazor.Components.Input.UmbrellaInputRadio<TValue>' does not have matching annotations. The source value must declare at least the same requirements as those declared on the target location it is assigned to."
"AspNetCore\src\Umbrella.AspNetCore.WebUtilities\Components\RazorComponentToStringRenderer.cs","67","36","IL2091","'TComponent' generic argument does not satisfy 'DynamicallyAccessedMemberTypes.All' in 'Microsoft.AspNetCore.Components.Web.HtmlRenderer.RenderComponentAsync<TComponent>(ParameterView)'. The generic parameter 'TComponent' of 'Umbrella.AspNetCore.WebUtilities.Components.RazorComponentToStringRenderer.RenderComponentToStringAsync<TComponent>(IDictionary<String, Object>, CancellationToken)' does not have matching annotations. The source value must declare at least the same requirements as those declared on the target location it is assigned to."
"AspNetCore\src\Umbrella.AspNetCore.WebUtilities\Components\RazorComponentToStringRenderer.cs","123","23","IL2090","'this' argument does not satisfy 'DynamicallyAccessedMemberTypes.PublicProperties' in call to 'System.Type.GetProperty(String)'. The generic parameter 'TComponent' of 'Umbrella.AspNetCore.WebUtilities.Components.RazorComponentToStringRenderer.ValidateModelProperty<TComponent, TModel>()' does not have matching annotations. The source value must declare at least the same requirements as those declared on the target location it is assigned to."
"AspNetCore\src\Umbrella.AspNetCore.WebUtilities\Cookie\JsonCookieService.cs","37","22","IL2026","Using member 'System.Text.Json.JsonSerializer.Serialize<TValue>(TValue, JsonSerializerOptions)' which has 'RequiresUnreferencedCodeAttribute' can break functionality when trimming application code. JSON serialization and deserialization might require types that cannot be statically analyzed. Use the overload that takes a JsonTypeInfo or JsonSerializerContext, or make sure all of the required types are preserved."
"AspNetCore\src\Umbrella.AspNetCore.WebUtilities\Cookie\JsonCookieService.cs","37","22","IL3050","Using member 'System.Text.Json.JsonSerializer.Serialize<TValue>(TValue, JsonSerializerOptions)' which has 'RequiresDynamicCodeAttribute' can break functionality when AOT compiling. JSON serialization and deserialization might require types that cannot be statically analyzed and might need runtime code generation. Use System.Text.Json source generation for native AOT applications."
"AspNetCore\src\Umbrella.AspNetCore.WebUtilities\Cookie\JsonCookieService.cs","58","7","IL2026","Using member 'System.Text.Json.JsonSerializer.Deserialize<TValue>(String, JsonSerializerOptions)' which has 'RequiresUnreferencedCodeAttribute' can break functionality when trimming application code. JSON serialization and deserialization might require types that cannot be statically analyzed. Use the overload that takes a JsonTypeInfo or JsonSerializerContext, or make sure all of the required types are preserved."
"AspNetCore\src\Umbrella.AspNetCore.WebUtilities\Cookie\JsonCookieService.cs","58","7","IL3050","Using member 'System.Text.Json.JsonSerializer.Deserialize<TValue>(String, JsonSerializerOptions)' which has 'RequiresDynamicCodeAttribute' can break functionality when AOT compiling. JSON serialization and deserialization might require types that cannot be statically analyzed and might need runtime code generation. Use System.Text.Json source generation for native AOT applications."
"AspNetCore\src\Umbrella.AspNetCore.WebUtilities\IEndpointRouteBuilderExtensions.cs","26","6","IL2026","Using member 'Microsoft.AspNetCore.Builder.EndpointRouteBuilderExtensions.MapGet(IEndpointRouteBuilder, String, Delegate)' which has 'RequiresUnreferencedCodeAttribute' can break functionality when trimming application code. This API may perform reflection on the supplied delegate and its parameters. These types may be trimmed if not directly referenced."
"AspNetCore\src\Umbrella.AspNetCore.WebUtilities\IEndpointRouteBuilderExtensions.cs","26","6","IL3050","Using member 'Microsoft.AspNetCore.Builder.EndpointRouteBuilderExtensions.MapGet(IEndpointRouteBuilder, String, Delegate)' which has 'RequiresDynamicCodeAttribute' can break functionality when AOT compiling. This API may perform reflection on the supplied delegate and its parameters. These types may require generated code and aren't compatible with native AOT applications."
"AspNetCore\src\Umbrella.AspNetCore.WebUtilities\IEndpointRouteBuilderExtensions.cs","34","12","IL2026","Using member 'Microsoft.AspNetCore.Http.Results.Json<TValue>(TValue, JsonSerializerOptions, String, Int32?)' which has 'RequiresUnreferencedCodeAttribute' can break functionality when trimming application code. JSON serialization and deserialization might require types that cannot be statically analyzed. Use the overload that takes a JsonTypeInfo or JsonSerializerContext."
"AspNetCore\src\Umbrella.AspNetCore.WebUtilities\IEndpointRouteBuilderExtensions.cs","34","12","IL3050","Using member 'Microsoft.AspNetCore.Http.Results.Json<TValue>(TValue, JsonSerializerOptions, String, Int32?)' which has 'RequiresDynamicCodeAttribute' can break functionality when AOT compiling. JSON serialization and deserialization might require types that cannot be statically analyzed and might need runtime code generation. Use the overload that takes a JsonTypeInfo or JsonSerializerContext."
"AspNetCore\src\Umbrella.AspNetCore.WebUtilities\IMvcBuilderExtensions.cs","105","51","IL3050","Using member 'System.Text.Json.Serialization.JsonStringEnumConverter.JsonStringEnumConverter()' which has 'RequiresDynamicCodeAttribute' can break functionality when AOT compiling. JsonStringEnumConverter cannot be statically analyzed and requires runtime code generation. Applications should use the generic JsonStringEnumConverter<TEnum> instead."
"AspNetCore\src\Umbrella.AspNetCore.WebUtilities\IServiceCollectionExtensions.cs","97","7","IL2091","'TService' generic argument does not satisfy 'DynamicallyAccessedMemberTypes.PublicConstructors' in 'Microsoft.Extensions.DependencyInjection.ServiceCollectionServiceExtensions.AddSingleton<TService>(IServiceCollection)'. The generic parameter 'TUmbrellaWebHostingEnvironment' of 'Microsoft.Extensions.DependencyInjection.IServiceCollectionExtensions.AddUmbrellaAspNetCoreWebUtilities<TUmbrellaWebHostingEnvironment>(IServiceCollection, Action<IServiceProvider, ApiIntegrationCookieAuthenticationEventsOptions>, Action<IServiceProvider, UmbrellaScheduledHostedServiceWithViewSupportOptions>, Action<IServiceProvider, FileAccessTokenQueryStringMiddlewareOptions>, Action<IServiceProvider, RazorViewToStringRendererOptions>, Action<IServiceProvider, RazorComponentToStringRendererOptions>, Action<IServiceProvider, BundleComponentOptions>)' does not have matching annotations. The source value must declare at least the same requirements as those declared on the target location it is assigned to."
"AspNetCore\src\Umbrella.AspNetCore.WebUtilities\Mvc\ModelBinding\Binders\Common\BinderHelper.cs","18","4","IL3050","Using member 'System.Text.Json.Serialization.JsonStringEnumConverter.JsonStringEnumConverter()' which has 'RequiresDynamicCodeAttribute' can break functionality when AOT compiling. JsonStringEnumConverter cannot be statically analyzed and requires runtime code generation. Applications should use the generic JsonStringEnumConverter<TEnum> instead."
"AspNetCore\src\Umbrella.AspNetCore.WebUtilities\Mvc\ModelBinding\Binders\DataExpression\DataExpressionModelBinder.cs","89","20","IL2026","Using member 'System.Text.Json.JsonSerializer.Deserialize(String, Type, JsonSerializerOptions)' which has 'RequiresUnreferencedCodeAttribute' can break functionality when trimming application code. JSON serialization and deserialization might require types that cannot be statically analyzed. Use the overload that takes a JsonTypeInfo or JsonSerializerContext, or make sure all of the required types are preserved."
"AspNetCore\src\Umbrella.AspNetCore.WebUtilities\Mvc\ModelBinding\Binders\DataExpression\DataExpressionModelBinder.cs","89","20","IL3050","Using member 'System.Text.Json.JsonSerializer.Deserialize(String, Type, JsonSerializerOptions)' which has 'RequiresDynamicCodeAttribute' can break functionality when AOT compiling. JSON serialization and deserialization might require types that cannot be statically analyzed and might need runtime code generation. Use System.Text.Json source generation for native AOT applications."
"AspNetCore\src\Umbrella.AspNetCore.WebUtilities\Mvc\ModelBinding\Binders\DataExpression\DataExpressionModelBinder.cs","224","17","IL3050","Using member 'System.Array.CreateInstance(Type, Int32)' which has 'RequiresDynamicCodeAttribute' can break functionality when AOT compiling. The code for an array of the specified type might not be available."
"AspNetCore\src\Umbrella.AspNetCore.WebUtilities\Mvc\ModelBinding\Binders\DataExpression\DataExpressionModelBinder.cs","231","78","IL3050","Using member 'System.Type.MakeGenericType(params Type[])' which has 'RequiresDynamicCodeAttribute' can break functionality when AOT compiling. The native code for this instantiation might not be available at runtime."
"AspNetCore\src\Umbrella.AspNetCore.WebUtilities\Mvc\ModelBinding\Binders\DataExpression\DataExpressionModelBinder.cs","233","7","IL2072","'type' argument does not satisfy 'DynamicallyAccessedMemberTypes.PublicParameterlessConstructor' in call to 'System.Activator.CreateInstance(Type)'. The return value of method 'System.Collections.Concurrent.ConcurrentDictionary<TKey, TValue>.GetOrAdd(TKey, Func<TKey, TValue>)' does not have matching annotations. The source value must declare at least the same requirements as those declared on the target location it is assigned to."
"AspNetCore\src\Umbrella.AspNetCore.WebUtilities\Mvc\ModelBinding\Binders\JsonArray\JsonArrayModelBinder.cs","29","21","IL2026","Using member 'System.Text.Json.JsonSerializer.Deserialize(String, Type, JsonSerializerOptions)' which has 'RequiresUnreferencedCodeAttribute' can break functionality when trimming application code. JSON serialization and deserialization might require types that cannot be statically analyzed. Use the overload that takes a JsonTypeInfo or JsonSerializerContext, or make sure all of the required types are preserved."
"AspNetCore\src\Umbrella.AspNetCore.WebUtilities\Mvc\ModelBinding\Binders\JsonArray\JsonArrayModelBinder.cs","29","21","IL3050","Using member 'System.Text.Json.JsonSerializer.Deserialize(String, Type, JsonSerializerOptions)' which has 'RequiresDynamicCodeAttribute' can break functionality when AOT compiling. JSON serialization and deserialization might require types that cannot be statically analyzed and might need runtime code generation. Use System.Text.Json source generation for native AOT applications."
"AspNetCore\src\Umbrella.AspNetCore.WebUtilities\Mvc\UmbrellaDataAccessApiController.cs","222","3","IL2091","'T' generic argument does not satisfy 'DynamicallyAccessedMemberTypes.PublicParameterlessConstructor' in 'System.Lazy<T>'. The generic parameter 'TRepository' of 'Umbrella.AspNetCore.WebUtilities.Mvc.UmbrellaDataAccessApiController.ReadAsync<TEntity, TEntityKey, TRepository, TRepositoryOptions, TModel>(TEntityKey, Lazy<TRepository>, CancellationToken, Func<TEntityKey, Boolean, IncludeMap<TEntity>, TRepositoryOptions, IEnumerable<RepoOptions>, CancellationToken, Task<TEntity>>, Func<TEntity, TModel>, Func<TEntity, TModel, Task<IOperationResult>>, Boolean, IncludeMap<TEntity>, TRepositoryOptions, IEnumerable<RepoOptions>, Boolean, Boolean, Func<TEntityKey, CancellationToken, Task<IOperationResult>>)' does not have matching annotations. The source value must declare at least the same requirements as those declared on the target location it is assigned to."
"AspNetCore\src\Umbrella.AspNetCore.WebUtilities\Mvc\UmbrellaDataAccessApiController.cs","317","3","IL2091","'T' generic argument does not satisfy 'DynamicallyAccessedMemberTypes.PublicParameterlessConstructor' in 'System.Lazy<T>'. The generic parameter 'TRepository' of 'Umbrella.AspNetCore.WebUtilities.Mvc.UmbrellaDataAccessApiController.CreateAsync<TEntity, TEntityKey, TRepository, TRepositoryOptions, TModel, TResultModel>(TModel, Lazy<TRepository>, CancellationToken, Func<Task<IOperationResult>>, Func<TModel, TEntity>, Func<TEntity, Task<IOperationResult>>, Func<TEntity, TResultModel>, Func<TEntity, TResultModel, Task>, TRepositoryOptions, IEnumerable<RepoOptions>, Boolean, Boolean)' does not have matching annotations. The source value must declare at least the same requirements as those declared on the target location it is assigned to."
"AspNetCore\src\Umbrella.AspNetCore.WebUtilities\Mvc\UmbrellaDataAccessApiController.cs","417","3","IL2091","'T' generic argument does not satisfy 'DynamicallyAccessedMemberTypes.PublicParameterlessConstructor' in 'System.Lazy<T>'. The generic parameter 'TRepository' of 'Umbrella.AspNetCore.WebUtilities.Mvc.UmbrellaDataAccessApiController.UpdateAsync<TEntity, TEntityKey, TRepository, TRepositoryOptions, TModel, TResultModel>(TModel, Lazy<TRepository>, CancellationToken, Func<TEntity, Task<IOperationResult>>, Func<TModel, TEntity, TEntity>, Func<TEntity, Task<IOperationResult>>, Func<TEntity, TResultModel>, Func<TEntity, TResultModel, Task>, IncludeMap<TEntity>, TRepositoryOptions, IEnumerable<RepoOptions>, Boolean, Boolean)' does not have matching annotations. The source value must declare at least the same requirements as those declared on the target location it is assigned to."
"AspNetCore\src\Umbrella.AspNetCore.WebUtilities\Mvc\UmbrellaDataAccessApiController.cs","499","3","IL2091","'T' generic argument does not satisfy 'DynamicallyAccessedMemberTypes.PublicParameterlessConstructor' in 'System.Lazy<T>'. The generic parameter 'TRepository' of 'Umbrella.AspNetCore.WebUtilities.Mvc.UmbrellaDataAccessApiController.DeleteAsync<TEntity, TEntityKey, TRepository, TRepositoryOptions>(TEntityKey, Lazy<TRepository>, Func<TEntity, CancellationToken, Task<IOperationResult>>, Func<TEntity, CancellationToken, Task>, CancellationToken, IncludeMap<TEntity>, TRepositoryOptions, IEnumerable<RepoOptions>, Boolean, Boolean)' does not have matching annotations. The source value must declare at least the same requirements as those declared on the target location it is assigned to."
"AspNetCore\src\Umbrella.AspNetCore.WebUtilities\obj\Release\net10.0\System.Text.Json.SourceGeneration\System.Text.Json.SourceGeneration.JsonSourceGenerator\HealthSourceGenerationContext.HealthReportModel.g.cs","57","243","IL3050","Using member 'System.Text.Json.Serialization.JsonStringEnumConverter.JsonStringEnumConverter()' which has 'RequiresDynamicCodeAttribute' can break functionality when AOT compiling. JsonStringEnumConverter cannot be statically analyzed and requires runtime code generation. Applications should use the generic JsonStringEnumConverter<TEnum> instead."
"AspNetCore\src\Umbrella.AspNetCore.WebUtilities\obj\Release\net10.0\System.Text.Json.SourceGeneration\System.Text.Json.SourceGeneration.JsonSourceGenerator\HealthSourceGenerationContext.HealthReportResultModel.g.cs","79","243","IL3050","Using member 'System.Text.Json.Serialization.JsonStringEnumConverter.JsonStringEnumConverter()' which has 'RequiresDynamicCodeAttribute' can break functionality when AOT compiling. JsonStringEnumConverter cannot be statically analyzed and requires runtime code generation. Applications should use the generic JsonStringEnumConverter<TEnum> instead."
"AspNetCore\src\Umbrella.AspNetCore.WebUtilities\OpenApi\EnumSchemaHelper.cs","41","28","IL3050","Using member 'System.Enum.GetValues(Type)' which has 'RequiresDynamicCodeAttribute' can break functionality when AOT compiling. It might not be possible to create an array of the enum type at runtime. Use the GetValues<TEnum> overload or the GetValuesAsUnderlyingType method instead."
"AspNetCore\src\Umbrella.AspNetCore.WebUtilities\OpenApi\UmbrellaControllerDescriptionTagDocumentTransformer.cs","29","39","IL2026","Using member 'System.Reflection.Assembly.GetExportedTypes()' which has 'RequiresUnreferencedCodeAttribute' can break functionality when trimming application code. Types might be removed."
"AspNetCore\src\Umbrella.AspNetCore.WebUtilities\OpenApi\UmbrellaDataExpressionParameterOperationTransformer.cs","265","37","IL2070","'this' argument does not satisfy 'DynamicallyAccessedMemberTypes.PublicProperties' in call to 'System.Type.GetProperties(BindingFlags)'. The parameter 'descriptorType' of method 'Umbrella.AspNetCore.WebUtilities.OpenApi.UmbrellaDataExpressionParameterOperationTransformer.ApplyEnumMemberNames(OpenApiSchema, Type)' does not have matching annotations. The source value must declare at least the same requirements as those declared on the target location it is assigned to."
"AspNetCore\src\Umbrella.AspNetCore.WebUtilities\OpenApi\UmbrellaProducesResponseTypeConvention.cs","81","32","IL2075","'this' argument does not satisfy 'DynamicallyAccessedMemberTypes.PublicProperties' in call to 'System.Type.GetProperty(String)'. The return value of method 'System.Object.GetType()' does not have matching annotations. The source value must declare at least the same requirements as those declared on the target location it is assigned to."
"Core\src\Umbrella.DataAnnotations\BaseClasses\ContingentValidationAttribute.cs","72","31","IL2075","'this' argument does not satisfy 'DynamicallyAccessedMemberTypes.PublicProperties' in call to 'System.Type.GetProperty(String)'. The return value of method 'System.Object.GetType()' does not have matching annotations. The source value must declare at least the same requirements as those declared on the target location it is assigned to."
"Core\src\Umbrella.DataAnnotations\BaseClasses\ContingentValidationAttribute.cs","72","31","IL2075","'this' argument does not satisfy 'DynamicallyAccessedMemberTypes.PublicProperties' in call to 'System.Type.GetProperty(String)'. The return value of method 'System.Reflection.PropertyInfo.PropertyType.get' does not have matching annotations. The source value must declare at least the same requirements as those declared on the target location it is assigned to."
"Core\src\Umbrella.DataAnnotations\Helpers\AsyncValidator.cs","429","10","IL2026","Using member 'System.ComponentModel.DataAnnotations.ValidationContext.ValidationContext(Object, IServiceProvider, IDictionary<Object, Object>)' which has 'RequiresUnreferencedCodeAttribute' can break functionality when trimming application code. Constructing a ValidationContext without a display name is not trim-safe because it uses reflection to discover the type of the instance being validated in order to resolve the DisplayNameAttribute when a display name is not provided."
"Core\src\Umbrella.DataAnnotations\Helpers\AsyncValidator.cs","448","20","IL2026","Using member 'System.ComponentModel.TypeDescriptor.GetProperties(Type)' which has 'RequiresUnreferencedCodeAttribute' can break functionality when trimming application code. PropertyDescriptor's PropertyType cannot be statically discovered."
"Core\src\Umbrella.DataAnnotations\Helpers\AsyncValidator.cs","448","20","IL2072","'componentType' argument does not satisfy 'DynamicallyAccessedMemberTypes.PublicConstructors', 'DynamicallyAccessedMemberTypes.NonPublicConstructors', 'DynamicallyAccessedMemberTypes.PublicMethods', 'DynamicallyAccessedMemberTypes.NonPublicMethods', 'DynamicallyAccessedMemberTypes.PublicFields', 'DynamicallyAccessedMemberTypes.NonPublicFields', 'DynamicallyAccessedMemberTypes.PublicNestedTypes', 'DynamicallyAccessedMemberTypes.NonPublicNestedTypes', 'DynamicallyAccessedMemberTypes.PublicProperties', 'DynamicallyAccessedMemberTypes.NonPublicProperties', 'DynamicallyAccessedMemberTypes.PublicEvents', 'DynamicallyAccessedMemberTypes.NonPublicEvents', 'DynamicallyAccessedMemberTypes.Interfaces' in call to 'System.ComponentModel.TypeDescriptor.GetProperties(Type)'. The return value of method 'System.Object.GetType()' does not have matching annotations. The source value must declare at least the same requirements as those declared on the target location it is assigned to."
"Core\src\Umbrella.DataAnnotations\Helpers\ValidationHelper.cs","7","67","IL2026","Using member 'System.ComponentModel.DataAnnotations.MinLengthAttribute.MinLengthAttribute(Int32)' which has 'RequiresUnreferencedCodeAttribute' can break functionality when trimming application code. Uses reflection to get the 'Count' property on types that don't implement ICollection. This 'Count' property may be trimmed. Ensure it is preserved."
"Core\src\Umbrella.DataAnnotations\RangeIfAttribute.cs","77","29","IL2073","'Umbrella.DataAnnotations.RangeIfAttribute.OperandType.get' method return value does not satisfy 'DynamicallyAccessedMemberTypes.All' requirements. The return value of method 'System.ComponentModel.DataAnnotations.RangeAttribute.OperandType.get' does not have matching annotations. The source value must declare at least the same requirements as those declared on the target location it is assigned to."
"Core\src\Umbrella.DataAnnotations\UmbrellaCompareAttribute.cs","16","3","IL2026","Using member 'System.ComponentModel.DataAnnotations.CompareAttribute.CompareAttribute(String)' which has 'RequiresUnreferencedCodeAttribute' can break functionality when trimming application code. The property referenced by 'otherProperty' may be trimmed. Ensure it is preserved."
"Core\src\Umbrella.Utilities\Data\DataExpressionFactory.cs","66","26","IL2070","'this' argument does not satisfy 'DynamicallyAccessedMemberTypes.PublicProperties' in call to 'System.Type.GetProperty(String)'. The parameter 'elementType' of method 'Umbrella.Utilities.Data.DataExpressionFactory.Create<TDescriptor>(Type, TDescriptor)' does not have matching annotations. The source value must declare at least the same requirements as those declared on the target location it is assigned to."
"Core\src\Umbrella.Utilities\Data\DataExpressionFactory.cs","91","24","IL2067","'type' argument does not satisfy 'DynamicallyAccessedMemberTypes.PublicConstructors' in call to 'System.Activator.CreateInstance(Type, params Object[])'. The parameter 'elementType' of method 'Umbrella.Utilities.Data.DataExpressionFactory.Create<TDescriptor>(Type, TDescriptor)' does not have matching annotations. The source value must declare at least the same requirements as those declared on the target location it is assigned to."
"Core\src\Umbrella.Utilities\Data\DataExpressionFactory.cs","97","24","IL2067","'type' argument does not satisfy 'DynamicallyAccessedMemberTypes.PublicConstructors' in call to 'System.Activator.CreateInstance(Type, params Object[])'. The parameter 'elementType' of method 'Umbrella.Utilities.Data.DataExpressionFactory.Create<TDescriptor>(Type, TDescriptor)' does not have matching annotations. The source value must declare at least the same requirements as those declared on the target location it is assigned to."
"Core\src\Umbrella.Utilities\DataAnnotations\ObjectGraphValidator.cs","100","9","IL2026","Using member 'System.ComponentModel.DataAnnotations.Validator.TryValidateObject(Object, ValidationContext, ICollection<ValidationResult>, Boolean)' which has 'RequiresUnreferencedCodeAttribute' can break functionality when trimming application code. Constructing a ValidationContext without a display name is not trim-safe because it uses reflection to discover the type of the instance being validated in order to resolve the DisplayNameAttribute when a display name is not provided."
"Core\src\Umbrella.Utilities\DataAnnotations\ObjectGraphValidator.cs","110","33","IL2075","'this' argument does not satisfy 'DynamicallyAccessedMemberTypes.PublicProperties' in call to 'System.Type.GetProperties(BindingFlags)'. The return value of method 'System.Object.GetType()' does not have matching annotations. The source value must declare at least the same requirements as those declared on the target location it is assigned to."
"Core\src\Umbrella.Utilities\DataAnnotations\ObjectGraphValidator.cs","202","33","IL2075","'this' argument does not satisfy 'DynamicallyAccessedMemberTypes.PublicProperties' in call to 'System.Type.GetProperties(BindingFlags)'. The return value of method 'System.Object.GetType()' does not have matching annotations. The source value must declare at least the same requirements as those declared on the target location it is assigned to."
"Core\src\Umbrella.Utilities\DataAnnotations\ObjectGraphValidator.cs","243","13","IL2026","Using member 'System.ComponentModel.DataAnnotations.ValidationContext.ValidationContext(Object, IServiceProvider, IDictionary<Object, Object>)' which has 'RequiresUnreferencedCodeAttribute' can break functionality when trimming application code. Constructing a ValidationContext without a display name is not trim-safe because it uses reflection to discover the type of the instance being validated in order to resolve the DisplayNameAttribute when a display name is not provided."
"Core\src\Umbrella.Utilities\DataAnnotations\UmbrellaValidator.cs","51","13","IL2026","Using member 'System.ComponentModel.DataAnnotations.ValidationContext.ValidationContext(Object, IServiceProvider, IDictionary<Object, Object>)' which has 'RequiresUnreferencedCodeAttribute' can break functionality when trimming application code. Constructing a ValidationContext without a display name is not trim-safe because it uses reflection to discover the type of the instance being validated in order to resolve the DisplayNameAttribute when a display name is not provided."
"Core\src\Umbrella.Utilities\DataAnnotations\UmbrellaValidator.cs","60","17","IL2026","Using member 'System.ComponentModel.DataAnnotations.Validator.TryValidateObject(Object, ValidationContext, ICollection<ValidationResult>, Boolean)' which has 'RequiresUnreferencedCodeAttribute' can break functionality when trimming application code. Constructing a ValidationContext without a display name is not trim-safe because it uses reflection to discover the type of the instance being validated in order to resolve the DisplayNameAttribute when a display name is not provided."
"Core\src\Umbrella.Utilities\DependencyInjection\LazyProxy.cs","12","16","IL2091","'T' generic argument does not satisfy 'DynamicallyAccessedMemberTypes.PublicParameterlessConstructor' in 'System.Lazy<T>'. The generic parameter 'T' of 'Umbrella.Utilities.DependencyInjection.LazyProxy<T>' does not have matching annotations. The source value must declare at least the same requirements as those declared on the target location it is assigned to."
"Core\src\Umbrella.Utilities\DependencyInjection\LazyProxy.cs","16","3","IL2091","'T' generic argument does not satisfy 'DynamicallyAccessedMemberTypes.PublicParameterlessConstructor' in 'System.Lazy<T>'. The generic parameter 'T' of 'Umbrella.Utilities.DependencyInjection.LazyProxy<T>' does not have matching annotations. The source value must declare at least the same requirements as those declared on the target location it is assigned to."
"Core\src\Umbrella.Utilities\Expressions\UmbrellaDynamicExpression.cs","70","10","IL2026","Using member 'System.Linq.Expressions.Expression.Call(Expression, String, Type[], params Expression[])' which has 'RequiresUnreferencedCodeAttribute' can break functionality when trimming application code. Creating Expressions requires unreferenced code because the members being referenced by the Expression may be trimmed."
"Core\src\Umbrella.Utilities\Expressions\UmbrellaDynamicExpression.cs","70","10","IL3050","Using member 'System.Linq.Expressions.Expression.Call(Expression, String, Type[], params Expression[])' which has 'RequiresDynamicCodeAttribute' can break functionality when AOT compiling. Calling a generic method requires dynamic code generation. This can be suppressed if the method is not generic."
"Core\src\Umbrella.Utilities\Expressions\UmbrellaDynamicExpression.cs","87","71","IL2026","Using member 'System.Linq.Expressions.Expression.PropertyOrField(Expression, String)' which has 'RequiresUnreferencedCodeAttribute' can break functionality when trimming application code. Creating Expressions requires unreferenced code because the members being referenced by the Expression may be trimmed."
"Core\src\Umbrella.Utilities\Expressions\UmbrellaDynamicExpression.cs","117","14","IL3050","Using member 'System.Linq.Expressions.Expression.Lambda(Expression, params ParameterExpression[])' which has 'RequiresDynamicCodeAttribute' can break functionality when AOT compiling. Delegate creation requires dynamic code generation."
"Core\src\Umbrella.Utilities\Expressions\UmbrellaDynamicExpression.cs","141","22","IL2070","'this' argument does not satisfy 'DynamicallyAccessedMemberTypes.PublicMethods' in call to 'System.Type.GetMethod(String, Type[])'. The parameter 'type' of method 'Umbrella.Utilities.Expressions.UmbrellaDynamicExpression.CreateConverter(Type)' does not have matching annotations. The source value must declare at least the same requirements as those declared on the target location it is assigned to."
"Core\src\Umbrella.Utilities\Expressions\UmbrellaDynamicExpression.cs","146","22","IL2070","'this' argument does not satisfy 'DynamicallyAccessedMemberTypes.PublicMethods' in call to 'System.Type.GetMethod(String, Type[])'. The parameter 'type' of method 'Umbrella.Utilities.Expressions.UmbrellaDynamicExpression.CreateConverter(Type)' does not have matching annotations. The source value must declare at least the same requirements as those declared on the target location it is assigned to."
"Core\src\Umbrella.Utilities\Extensions\ILoggerExtensions.cs","202","94","IL2070","'this' argument does not satisfy 'DynamicallyAccessedMemberTypes.PublicProperties' in call to 'System.Type.GetProperties()'. The parameter 'x' of method 'lambda expression' does not have matching annotations. The source value must declare at least the same requirements as those declared on the target location it is assigned to."
"Core\src\Umbrella.Utilities\Extensions\TypeExtensions.cs","21","10","IL2070","'this' argument does not satisfy 'DynamicallyAccessedMemberTypes.PublicProperties', 'DynamicallyAccessedMemberTypes.NonPublicProperties' in call to 'System.Type.GetProperties(BindingFlags)'. The parameter 'type' of method 'Umbrella.Utilities.Extensions.TypeExtensions.GetPublicOrPrivateProperties(Type)' does not have matching annotations. The source value must declare at least the same requirements as those declared on the target location it is assigned to."
"Core\src\Umbrella.Utilities\Extensions\TypeExtensions.cs","84","6","IL3050","Using member 'System.Enum.GetValues(Type)' which has 'RequiresDynamicCodeAttribute' can break functionality when AOT compiling. It might not be possible to create an array of the enum type at runtime. Use the GetValues<TEnum> overload or the GetValuesAsUnderlyingType method instead."
"Core\src\Umbrella.Utilities\Extensions\TypeExtensions.cs","104","24","IL2070","'this' argument does not satisfy 'DynamicallyAccessedMemberTypes.Interfaces' in call to 'System.Type.GetInterfaces()'. The parameter 'givenType' of method 'Umbrella.Utilities.Extensions.TypeExtensions.IsAssignableToGenericType(Type, Type)' does not have matching annotations. The source value must declare at least the same requirements as those declared on the target location it is assigned to."
"Core\src\Umbrella.Utilities\Extensions\TypeExtensions.cs","135","24","IL2070","'this' argument does not satisfy 'DynamicallyAccessedMemberTypes.Interfaces' in call to 'System.Type.GetInterfaces()'. The parameter 'givenType' of method 'Umbrella.Utilities.Extensions.TypeExtensions.GetIEnumerableTypeData(Type)' does not have matching annotations. The source value must declare at least the same requirements as those declared on the target location it is assigned to."
"Core\src\Umbrella.Utilities\Http\Extensions\HttpClientExtensions.cs","34","17","IL2026","Using member 'System.Text.Json.JsonSerializer.Serialize<TValue>(TValue, JsonSerializerOptions)' which has 'RequiresUnreferencedCodeAttribute' can break functionality when trimming application code. JSON serialization and deserialization might require types that cannot be statically analyzed. Use the overload that takes a JsonTypeInfo or JsonSerializerContext, or make sure all of the required types are preserved."
"Core\src\Umbrella.Utilities\Http\Extensions\HttpClientExtensions.cs","34","17","IL3050","Using member 'System.Text.Json.JsonSerializer.Serialize<TValue>(TValue, JsonSerializerOptions)' which has 'RequiresDynamicCodeAttribute' can break functionality when AOT compiling. JSON serialization and deserialization might require types that cannot be statically analyzed and might need runtime code generation. Use System.Text.Json source generation for native AOT applications."
"Core\src\Umbrella.Utilities\IServiceCollectionExtensions.cs","170","7","IL2091","'TImplementation' generic argument does not satisfy 'DynamicallyAccessedMemberTypes.PublicConstructors' in 'Microsoft.Extensions.DependencyInjection.ServiceCollectionServiceExtensions.AddScoped<TService, TImplementation>(IServiceCollection)'. The generic parameter 'TStore' of 'Microsoft.Extensions.DependencyInjection.IServiceCollectionExtensions.AddUmbrellaRateLimiting<TPartitionKey, TResourceKey, TStore>(IServiceCollection)' does not have matching annotations. The source value must declare at least the same requirements as those declared on the target location it is assigned to."
"Core\src\Umbrella.Utilities\IServiceCollectionExtensions.cs","235","6","IL2091","'TImplementation' generic argument does not satisfy 'DynamicallyAccessedMemberTypes.PublicConstructors' in 'Microsoft.Extensions.DependencyInjection.ServiceCollectionServiceExtensions.AddTransient<TService, TImplementation>(IServiceCollection)'. The generic parameter 'TImplementation' of 'Microsoft.Extensions.DependencyInjection.IServiceCollectionExtensions.ReplaceTransient<TService, TImplementation>(IServiceCollection)' does not have matching annotations. The source value must declare at least the same requirements as those declared on the target location it is assigned to."
"Core\src\Umbrella.Utilities\IServiceCollectionExtensions.cs","245","6","IL2067","'implementationType' argument does not satisfy 'DynamicallyAccessedMemberTypes.PublicConstructors' in call to 'Microsoft.Extensions.DependencyInjection.ServiceCollectionServiceExtensions.AddTransient(IServiceCollection, Type, Type)'. The parameter 'implementationType' of method 'Microsoft.Extensions.DependencyInjection.IServiceCollectionExtensions.ReplaceTransient(IServiceCollection, Type, Type)' does not have matching annotations. The source value must declare at least the same requirements as those declared on the target location it is assigned to."
"Core\src\Umbrella.Utilities\IServiceCollectionExtensions.cs","257","6","IL2091","'TImplementation' generic argument does not satisfy 'DynamicallyAccessedMemberTypes.PublicConstructors' in 'Microsoft.Extensions.DependencyInjection.ServiceCollectionServiceExtensions.AddScoped<TService, TImplementation>(IServiceCollection)'. The generic parameter 'TImplementation' of 'Microsoft.Extensions.DependencyInjection.IServiceCollectionExtensions.ReplaceScoped<TService, TImplementation>(IServiceCollection)' does not have matching annotations. The source value must declare at least the same requirements as those declared on the target location it is assigned to."
"Core\src\Umbrella.Utilities\IServiceCollectionExtensions.cs","267","6","IL2067","'implementationType' argument does not satisfy 'DynamicallyAccessedMemberTypes.PublicConstructors' in call to 'Microsoft.Extensions.DependencyInjection.ServiceCollectionServiceExtensions.AddScoped(IServiceCollection, Type, Type)'. The parameter 'implementationType' of method 'Microsoft.Extensions.DependencyInjection.IServiceCollectionExtensions.ReplaceScoped(IServiceCollection, Type, Type)' does not have matching annotations. The source value must declare at least the same requirements as those declared on the target location it is assigned to."
"Core\src\Umbrella.Utilities\IServiceCollectionExtensions.cs","279","6","IL2091","'TImplementation' generic argument does not satisfy 'DynamicallyAccessedMemberTypes.PublicConstructors' in 'Microsoft.Extensions.DependencyInjection.ServiceCollectionServiceExtensions.AddSingleton<TService, TImplementation>(IServiceCollection)'. The generic parameter 'TImplementation' of 'Microsoft.Extensions.DependencyInjection.IServiceCollectionExtensions.ReplaceSingleton<TService, TImplementation>(IServiceCollection)' does not have matching annotations. The source value must declare at least the same requirements as those declared on the target location it is assigned to."
"Core\src\Umbrella.Utilities\IServiceCollectionExtensions.cs","289","6","IL2067","'implementationType' argument does not satisfy 'DynamicallyAccessedMemberTypes.PublicConstructors' in call to 'Microsoft.Extensions.DependencyInjection.ServiceCollectionServiceExtensions.AddSingleton(IServiceCollection, Type, Type)'. The parameter 'implementationType' of method 'Microsoft.Extensions.DependencyInjection.IServiceCollectionExtensions.ReplaceSingleton(IServiceCollection, Type, Type)' does not have matching annotations. The source value must declare at least the same requirements as those declared on the target location it is assigned to."
"Core\src\Umbrella.Utilities\Spatial\PostcodesIOGeocodingService.cs","160","31","IL2026","Using member 'System.Net.Http.Json.HttpContentJsonExtensions.ReadFromJsonAsync<T>(HttpContent, CancellationToken)' which has 'RequiresUnreferencedCodeAttribute' can break functionality when trimming application code. JSON serialization and deserialization might require types that cannot be statically analyzed. Use the overload that takes a JsonTypeInfo or JsonSerializerContext, or make sure all of the required types are preserved."
"Core\src\Umbrella.Utilities\Spatial\PostcodesIOGeocodingService.cs","160","31","IL3050","Using member 'System.Net.Http.Json.HttpContentJsonExtensions.ReadFromJsonAsync<T>(HttpContent, CancellationToken)' which has 'RequiresDynamicCodeAttribute' can break functionality when AOT compiling. JSON serialization and deserialization might require types that cannot be statically analyzed. Use the overload that takes a JsonTypeInfo or JsonSerializerContext."
"Core\src\Umbrella.Utilities\Spatial\PostcodesIOGeocodingService.cs","205","41","IL2026","Using member 'System.Net.Http.Json.HttpClientJsonExtensions.PostAsJsonAsync<TValue>(HttpClient, String, TValue, CancellationToken)' which has 'RequiresUnreferencedCodeAttribute' can break functionality when trimming application code. JSON serialization and deserialization might require types that cannot be statically analyzed. Use the overload that takes a JsonTypeInfo or JsonSerializerContext, or make sure all of the required types are preserved."
"Core\src\Umbrella.Utilities\Spatial\PostcodesIOGeocodingService.cs","205","41","IL3050","Using member 'System.Net.Http.Json.HttpClientJsonExtensions.PostAsJsonAsync<TValue>(HttpClient, String, TValue, CancellationToken)' which has 'RequiresDynamicCodeAttribute' can break functionality when AOT compiling. JSON serialization and deserialization might require types that cannot be statically analyzed. Use the overload that takes a JsonTypeInfo or JsonSerializerContext."
"Core\src\Umbrella.Utilities\Spatial\PostcodesIOGeocodingService.cs","209","24","IL2026","Using member 'System.Net.Http.Json.HttpContentJsonExtensions.ReadFromJsonAsync<T>(HttpContent, CancellationToken)' which has 'RequiresUnreferencedCodeAttribute' can break functionality when trimming application code. JSON serialization and deserialization might require types that cannot be statically analyzed. Use the overload that takes a JsonTypeInfo or JsonSerializerContext, or make sure all of the required types are preserved."
"Core\src\Umbrella.Utilities\Spatial\PostcodesIOGeocodingService.cs","209","24","IL3050","Using member 'System.Net.Http.Json.HttpContentJsonExtensions.ReadFromJsonAsync<T>(HttpContent, CancellationToken)' which has 'RequiresDynamicCodeAttribute' can break functionality when AOT compiling. JSON serialization and deserialization might require types that cannot be statically analyzed. Use the overload that takes a JsonTypeInfo or JsonSerializerContext."
"Core\src\Umbrella.Utilities\Spatial\PostcodesIOGeocodingService.cs","264","31","IL2026","Using member 'System.Net.Http.Json.HttpContentJsonExtensions.ReadFromJsonAsync<T>(HttpContent, CancellationToken)' which has 'RequiresUnreferencedCodeAttribute' can break functionality when trimming application code. JSON serialization and deserialization might require types that cannot be statically analyzed. Use the overload that takes a JsonTypeInfo or JsonSerializerContext, or make sure all of the required types are preserved."
"Core\src\Umbrella.Utilities\Spatial\PostcodesIOGeocodingService.cs","264","31","IL3050","Using member 'System.Net.Http.Json.HttpContentJsonExtensions.ReadFromJsonAsync<T>(HttpContent, CancellationToken)' which has 'RequiresDynamicCodeAttribute' can break functionality when AOT compiling. JSON serialization and deserialization might require types that cannot be statically analyzed. Use the overload that takes a JsonTypeInfo or JsonSerializerContext."
"Core\src\Umbrella.Utilities\Spatial\PostcodesIOGeocodingService.cs","309","31","IL2026","Using member 'System.Net.Http.Json.HttpContentJsonExtensions.ReadFromJsonAsync<T>(HttpContent, CancellationToken)' which has 'RequiresUnreferencedCodeAttribute' can break functionality when trimming application code. JSON serialization and deserialization might require types that cannot be statically analyzed. Use the overload that takes a JsonTypeInfo or JsonSerializerContext, or make sure all of the required types are preserved."
"Core\src\Umbrella.Utilities\Spatial\PostcodesIOGeocodingService.cs","309","31","IL3050","Using member 'System.Net.Http.Json.HttpContentJsonExtensions.ReadFromJsonAsync<T>(HttpContent, CancellationToken)' which has 'RequiresDynamicCodeAttribute' can break functionality when AOT compiling. JSON serialization and deserialization might require types that cannot be statically analyzed. Use the overload that takes a JsonTypeInfo or JsonSerializerContext."
"Core\src\Umbrella.Utilities\Spatial\PostcodesIOGeocodingService.cs","355","28","IL2026","Using member 'System.Net.Http.Json.JsonContent.Create<T>(T, MediaTypeHeaderValue, JsonSerializerOptions)' which has 'RequiresUnreferencedCodeAttribute' can break functionality when trimming application code. JSON serialization and deserialization might require types that cannot be statically analyzed. Use the overload that takes a JsonTypeInfo or JsonSerializerContext, or make sure all of the required types are preserved."
"Core\src\Umbrella.Utilities\Spatial\PostcodesIOGeocodingService.cs","355","28","IL3050","Using member 'System.Net.Http.Json.JsonContent.Create<T>(T, MediaTypeHeaderValue, JsonSerializerOptions)' which has 'RequiresDynamicCodeAttribute' can break functionality when AOT compiling. JSON serialization and deserialization might require types that cannot be statically analyzed. Use the overload that takes a JsonTypeInfo or JsonSerializerContext."
"Core\src\Umbrella.Utilities\Spatial\PostcodesIOGeocodingService.cs","361","24","IL2026","Using member 'System.Net.Http.Json.HttpContentJsonExtensions.ReadFromJsonAsync<T>(HttpContent, CancellationToken)' which has 'RequiresUnreferencedCodeAttribute' can break functionality when trimming application code. JSON serialization and deserialization might require types that cannot be statically analyzed. Use the overload that takes a JsonTypeInfo or JsonSerializerContext, or make sure all of the required types are preserved."
"Core\src\Umbrella.Utilities\Spatial\PostcodesIOGeocodingService.cs","361","24","IL3050","Using member 'System.Net.Http.Json.HttpContentJsonExtensions.ReadFromJsonAsync<T>(HttpContent, CancellationToken)' which has 'RequiresDynamicCodeAttribute' can break functionality when AOT compiling. JSON serialization and deserialization might require types that cannot be statically analyzed. Use the overload that takes a JsonTypeInfo or JsonSerializerContext."
"Core\src\Umbrella.Utilities\UmbrellaStatics.cs","93","10","IL2026","Using member 'System.Text.Json.JsonSerializer.Serialize(Object, Type, JsonSerializerOptions)' which has 'RequiresUnreferencedCodeAttribute' can break functionality when trimming application code. JSON serialization and deserialization might require types that cannot be statically analyzed. Use the overload that takes a JsonTypeInfo or JsonSerializerContext, or make sure all of the required types are preserved."
"Core\src\Umbrella.Utilities\UmbrellaStatics.cs","93","10","IL3050","Using member 'System.Text.Json.JsonSerializer.Serialize(Object, Type, JsonSerializerOptions)' which has 'RequiresDynamicCodeAttribute' can break functionality when AOT compiling. JSON serialization and deserialization might require types that cannot be statically analyzed and might need runtime code generation. Use System.Text.Json source generation for native AOT applications."
"Core\src\Umbrella.Utilities\UmbrellaStatics.cs","102","71","IL2026","Using member 'System.Text.Json.JsonSerializer.Deserialize(String, Type, JsonSerializerOptions)' which has 'RequiresUnreferencedCodeAttribute' can break functionality when trimming application code. JSON serialization and deserialization might require types that cannot be statically analyzed. Use the overload that takes a JsonTypeInfo or JsonSerializerContext, or make sure all of the required types are preserved."
"Core\src\Umbrella.Utilities\UmbrellaStatics.cs","102","71","IL3050","Using member 'System.Text.Json.JsonSerializer.Deserialize(String, Type, JsonSerializerOptions)' which has 'RequiresDynamicCodeAttribute' can break functionality when AOT compiling. JSON serialization and deserialization might require types that cannot be statically analyzed and might need runtime code generation. Use System.Text.Json source generation for native AOT applications."
"Core\src\Umbrella.WebUtilities\SiteMap\XmlSiteMap.cs","53","12","IL2026","Using member 'System.Xml.Serialization.XmlSerializer.XmlSerializer(Type)' which has 'RequiresUnreferencedCodeAttribute' can break functionality when trimming application code. Members from serialized types may be trimmed if not referenced directly."
"Core\src\Umbrella.WebUtilities\SiteMap\XmlSiteMap.cs","53","12","IL3050","Using member 'System.Xml.Serialization.XmlSerializer.XmlSerializer(Type)' which has 'RequiresDynamicCodeAttribute' can break functionality when AOT compiling. XML serializer relies on dynamic code generation which is not available with Ahead of Time compilation."
"Core\src\Umbrella.WebUtilities\SiteMap\XmlSiteMap.cs","54","3","IL2026","Using member 'System.Xml.Serialization.XmlSerializer.Serialize(Stream, Object)' which has 'RequiresUnreferencedCodeAttribute' can break functionality when trimming application code. Members from serialized types may be trimmed if not referenced directly."
"Core\src\Umbrella.WebUtilities\SiteMap\XmlSiteMap.cs","54","3","IL3050","Using member 'System.Xml.Serialization.XmlSerializer.Serialize(Stream, Object)' which has 'RequiresDynamicCodeAttribute' can break functionality when AOT compiling. XML serializer relies on dynamic code generation which is not available with Ahead of Time compilation."
"DataAccess\src\Umbrella.DataAccess.Abstractions\UmbrellaRepositoryCoreDataService.cs","201","3","IL2091","'T' generic argument does not satisfy 'DynamicallyAccessedMemberTypes.PublicParameterlessConstructor' in 'System.Lazy<T>'. The generic parameter 'TRepository' of 'Umbrella.DataAccess.Abstractions.UmbrellaRepositoryCoreDataService.ReadAsync<TEntity, TEntityKey, TRepository, TRepositoryOptions, TModel>(TEntityKey, Lazy<TRepository>, CancellationToken, Func<TEntityKey, Boolean, IncludeMap<TEntity>, TRepositoryOptions, IEnumerable<RepoOptions>, CancellationToken, Task<TEntity>>, Func<TEntity, TModel>, Func<TEntity, TModel, Task<IOperationResult>>, Boolean, IncludeMap<TEntity>, TRepositoryOptions, IEnumerable<RepoOptions>, Boolean, Boolean, Func<TEntityKey, CancellationToken, Task<IOperationResult>>)' does not have matching annotations. The source value must declare at least the same requirements as those declared on the target location it is assigned to."
"DataAccess\src\Umbrella.DataAccess.Abstractions\UmbrellaRepositoryCoreDataService.cs","290","3","IL2091","'T' generic argument does not satisfy 'DynamicallyAccessedMemberTypes.PublicParameterlessConstructor' in 'System.Lazy<T>'. The generic parameter 'TRepository' of 'Umbrella.DataAccess.Abstractions.UmbrellaRepositoryCoreDataService.CreateAsync<TEntity, TEntityKey, TRepository, TRepositoryOptions, TModel, TResultModel>(TModel, Lazy<TRepository>, CancellationToken, Func<Task<IOperationResult>>, Func<TModel, TEntity>, Func<TEntity, Task<IOperationResult>>, Func<TEntity, TResultModel>, Func<TEntity, TResultModel, Task>, TRepositoryOptions, IEnumerable<RepoOptions>, Boolean, Boolean, Func<Object, (Type type, String key)?>)' does not have matching annotations. The source value must declare at least the same requirements as those declared on the target location it is assigned to."
"DataAccess\src\Umbrella.DataAccess.Abstractions\UmbrellaRepositoryCoreDataService.cs","406","3","IL2091","'T' generic argument does not satisfy 'DynamicallyAccessedMemberTypes.PublicParameterlessConstructor' in 'System.Lazy<T>'. The generic parameter 'TRepository' of 'Umbrella.DataAccess.Abstractions.UmbrellaRepositoryCoreDataService.UpdateAsync<TEntity, TEntityKey, TRepository, TRepositoryOptions, TModel, TResultModel>(TModel, Lazy<TRepository>, CancellationToken, Func<TEntity, Task<IOperationResult>>, Func<TModel, TEntity, TEntity>, Func<TEntity, Task<IOperationResult>>, Func<TEntity, TResultModel>, Func<TEntity, TResultModel, Task>, IncludeMap<TEntity>, TRepositoryOptions, IEnumerable<RepoOptions>, Boolean, Boolean)' does not have matching annotations. The source value must declare at least the same requirements as those declared on the target location it is assigned to."
"DataAccess\src\Umbrella.DataAccess.Abstractions\UmbrellaRepositoryCoreDataService.cs","519","3","IL2091","'T' generic argument does not satisfy 'DynamicallyAccessedMemberTypes.PublicParameterlessConstructor' in 'System.Lazy<T>'. The generic parameter 'TRepository' of 'Umbrella.DataAccess.Abstractions.UmbrellaRepositoryCoreDataService.DeleteAsync<TEntity, TEntityKey, TRepository, TRepositoryOptions>(TEntityKey, Lazy<TRepository>, Func<TEntity, CancellationToken, Task<IOperationResult>>, Func<TEntity, CancellationToken, Task>, CancellationToken, IncludeMap<TEntity>, TRepositoryOptions, IEnumerable<RepoOptions>, Boolean, Boolean)' does not have matching annotations. The source value must declare at least the same requirements as those declared on the target location it is assigned to."
"DataAccess\src\Umbrella.DataAccess.Abstractions\UmbrellaRepositoryCoreDataService.cs","592","3","IL2091","'T' generic argument does not satisfy 'DynamicallyAccessedMemberTypes.PublicParameterlessConstructor' in 'System.Lazy<T>'. The generic parameter 'TRepository' of 'Umbrella.DataAccess.Abstractions.UmbrellaRepositoryCoreDataService.ExistsByIdAsync<TEntity, TEntityKey, TRepository, TRepositoryOptions>(TEntityKey, Lazy<TRepository>, CancellationToken)' does not have matching annotations. The source value must declare at least the same requirements as those declared on the target location it is assigned to."
"DataAccess\src\Umbrella.DataAccess.Abstractions\UmbrellaRepositoryCoreDataService.cs","618","3","IL2091","'T' generic argument does not satisfy 'DynamicallyAccessedMemberTypes.PublicParameterlessConstructor' in 'System.Lazy<T>'. The generic parameter 'TRepository' of 'Umbrella.DataAccess.Abstractions.UmbrellaRepositoryCoreDataService.TotalCountAsync<TEntity, TEntityKey, TRepository, TRepositoryOptions>(Lazy<TRepository>, CancellationToken)' does not have matching annotations. The source value must declare at least the same requirements as those declared on the target location it is assigned to."
"DataAccess\src\Umbrella.DataAccess.EntityFrameworkCore\Extensions\EntityTypeBuilderExtensions.cs","24","3","IL2091","'TEntity' generic argument does not satisfy 'DynamicallyAccessedMemberTypes.PublicConstructors', 'DynamicallyAccessedMemberTypes.NonPublicConstructors', 'DynamicallyAccessedMemberTypes.PublicFields', 'DynamicallyAccessedMemberTypes.NonPublicFields', 'DynamicallyAccessedMemberTypes.PublicProperties', 'DynamicallyAccessedMemberTypes.NonPublicProperties', 'DynamicallyAccessedMemberTypes.Interfaces' in 'Microsoft.EntityFrameworkCore.Metadata.Builders.EntityTypeBuilder<TEntity>'. The generic parameter 'TEntity' of 'Umbrella.DataAccess.EntityFrameworkCore.Extensions.EntityTypeBuilderExtensions.SetupConcurrencyToken<TEntity>(EntityTypeBuilder<TEntity>)' does not have matching annotations. The source value must declare at least the same requirements as those declared on the target location it is assigned to."
"DataAccess\src\Umbrella.DataAccess.EntityFrameworkCore\Extensions\EntityTypeBuilderExtensions.cs","26","10","IL2091","'TEntity' generic argument does not satisfy 'DynamicallyAccessedMemberTypes.PublicConstructors', 'DynamicallyAccessedMemberTypes.NonPublicConstructors', 'DynamicallyAccessedMemberTypes.PublicFields', 'DynamicallyAccessedMemberTypes.NonPublicFields', 'DynamicallyAccessedMemberTypes.PublicProperties', 'DynamicallyAccessedMemberTypes.NonPublicProperties', 'DynamicallyAccessedMemberTypes.Interfaces' in 'Microsoft.EntityFrameworkCore.Metadata.Builders.EntityTypeBuilder<TEntity>'. The generic parameter 'TEntity' of 'Umbrella.DataAccess.EntityFrameworkCore.Extensions.EntityTypeBuilderExtensions.SetupConcurrencyToken<TEntity>(EntityTypeBuilder<TEntity>)' does not have matching annotations. The source value must declare at least the same requirements as those declared on the target location it is assigned to."
"DataAccess\src\Umbrella.DataAccess.EntityFrameworkCore\Extensions\EntityTypeBuilderExtensions.cs","38","3","IL2091","'TEntity' generic argument does not satisfy 'DynamicallyAccessedMemberTypes.PublicConstructors', 'DynamicallyAccessedMemberTypes.NonPublicConstructors', 'DynamicallyAccessedMemberTypes.PublicFields', 'DynamicallyAccessedMemberTypes.NonPublicFields', 'DynamicallyAccessedMemberTypes.PublicProperties', 'DynamicallyAccessedMemberTypes.NonPublicProperties', 'DynamicallyAccessedMemberTypes.Interfaces' in 'Microsoft.EntityFrameworkCore.Metadata.Builders.EntityTypeBuilder<TEntity>'. The generic parameter 'TEntity' of 'Umbrella.DataAccess.EntityFrameworkCore.Extensions.EntityTypeBuilderExtensions.SetupCreatedDateUtcAuditProperty<TEntity>(EntityTypeBuilder<TEntity>)' does not have matching annotations. The source value must declare at least the same requirements as those declared on the target location it is assigned to."
"DataAccess\src\Umbrella.DataAccess.EntityFrameworkCore\Extensions\EntityTypeBuilderExtensions.cs","40","10","IL2091","'TEntity' generic argument does not satisfy 'DynamicallyAccessedMemberTypes.PublicConstructors', 'DynamicallyAccessedMemberTypes.NonPublicConstructors', 'DynamicallyAccessedMemberTypes.PublicFields', 'DynamicallyAccessedMemberTypes.NonPublicFields', 'DynamicallyAccessedMemberTypes.PublicProperties', 'DynamicallyAccessedMemberTypes.NonPublicProperties', 'DynamicallyAccessedMemberTypes.Interfaces' in 'Microsoft.EntityFrameworkCore.Metadata.Builders.EntityTypeBuilder<TEntity>'. The generic parameter 'TEntity' of 'Umbrella.DataAccess.EntityFrameworkCore.Extensions.EntityTypeBuilderExtensions.SetupCreatedDateUtcAuditProperty<TEntity>(EntityTypeBuilder<TEntity>)' does not have matching annotations. The source value must declare at least the same requirements as those declared on the target location it is assigned to."
"DataAccess\src\Umbrella.DataAccess.EntityFrameworkCore\Extensions\EntityTypeBuilderExtensions.cs","52","3","IL2091","'TEntity' generic argument does not satisfy 'DynamicallyAccessedMemberTypes.PublicConstructors', 'DynamicallyAccessedMemberTypes.NonPublicConstructors', 'DynamicallyAccessedMemberTypes.PublicFields', 'DynamicallyAccessedMemberTypes.NonPublicFields', 'DynamicallyAccessedMemberTypes.PublicProperties', 'DynamicallyAccessedMemberTypes.NonPublicProperties', 'DynamicallyAccessedMemberTypes.Interfaces' in 'Microsoft.EntityFrameworkCore.Metadata.Builders.EntityTypeBuilder<TEntity>'. The generic parameter 'TEntity' of 'Umbrella.DataAccess.EntityFrameworkCore.Extensions.EntityTypeBuilderExtensions.SetupUpdatedDateUtcAuditProperty<TEntity>(EntityTypeBuilder<TEntity>)' does not have matching annotations. The source value must declare at least the same requirements as those declared on the target location it is assigned to."
"DataAccess\src\Umbrella.DataAccess.EntityFrameworkCore\Extensions\EntityTypeBuilderExtensions.cs","54","10","IL2091","'TEntity' generic argument does not satisfy 'DynamicallyAccessedMemberTypes.PublicConstructors', 'DynamicallyAccessedMemberTypes.NonPublicConstructors', 'DynamicallyAccessedMemberTypes.PublicFields', 'DynamicallyAccessedMemberTypes.NonPublicFields', 'DynamicallyAccessedMemberTypes.PublicProperties', 'DynamicallyAccessedMemberTypes.NonPublicProperties', 'DynamicallyAccessedMemberTypes.Interfaces' in 'Microsoft.EntityFrameworkCore.Metadata.Builders.EntityTypeBuilder<TEntity>'. The generic parameter 'TEntity' of 'Umbrella.DataAccess.EntityFrameworkCore.Extensions.EntityTypeBuilderExtensions.SetupUpdatedDateUtcAuditProperty<TEntity>(EntityTypeBuilder<TEntity>)' does not have matching annotations. The source value must declare at least the same requirements as those declared on the target location it is assigned to."
"DataAccess\src\Umbrella.DataAccess.EntityFrameworkCore\Extensions\EntityTypeBuilderExtensions.cs","70","3","IL2091","'TEntity' generic argument does not satisfy 'DynamicallyAccessedMemberTypes.PublicConstructors', 'DynamicallyAccessedMemberTypes.NonPublicConstructors', 'DynamicallyAccessedMemberTypes.PublicFields', 'DynamicallyAccessedMemberTypes.NonPublicFields', 'DynamicallyAccessedMemberTypes.PublicProperties', 'DynamicallyAccessedMemberTypes.NonPublicProperties', 'DynamicallyAccessedMemberTypes.Interfaces' in 'Microsoft.EntityFrameworkCore.Metadata.Builders.EntityTypeBuilder<TEntity>'. The generic parameter 'TEntity' of 'Umbrella.DataAccess.EntityFrameworkCore.Extensions.EntityTypeBuilderExtensions.SetupCreatedByIdAuditProperty<TEntity, TAppUserEntity, TUserId>(EntityTypeBuilder<TEntity>)' does not have matching annotations. The source value must declare at least the same requirements as those declared on the target location it is assigned to."
"DataAccess\src\Umbrella.DataAccess.EntityFrameworkCore\Extensions\EntityTypeBuilderExtensions.cs","72","10","IL2091","'TEntity' generic argument does not satisfy 'DynamicallyAccessedMemberTypes.PublicConstructors', 'DynamicallyAccessedMemberTypes.NonPublicConstructors', 'DynamicallyAccessedMemberTypes.PublicFields', 'DynamicallyAccessedMemberTypes.NonPublicFields', 'DynamicallyAccessedMemberTypes.PublicProperties', 'DynamicallyAccessedMemberTypes.NonPublicProperties', 'DynamicallyAccessedMemberTypes.Interfaces' in 'Microsoft.EntityFrameworkCore.Metadata.Builders.EntityTypeBuilder<TEntity>'. The generic parameter 'TEntity' of 'Umbrella.DataAccess.EntityFrameworkCore.Extensions.EntityTypeBuilderExtensions.SetupCreatedByIdAuditProperty<TEntity, TAppUserEntity, TUserId>(EntityTypeBuilder<TEntity>)' does not have matching annotations. The source value must declare at least the same requirements as those declared on the target location it is assigned to."
"DataAccess\src\Umbrella.DataAccess.EntityFrameworkCore\Extensions\EntityTypeBuilderExtensions.cs","72","10","IL2091","'TRelatedEntity' generic argument does not satisfy 'DynamicallyAccessedMemberTypes.PublicConstructors', 'DynamicallyAccessedMemberTypes.NonPublicConstructors', 'DynamicallyAccessedMemberTypes.PublicFields', 'DynamicallyAccessedMemberTypes.NonPublicFields', 'DynamicallyAccessedMemberTypes.PublicProperties', 'DynamicallyAccessedMemberTypes.NonPublicProperties', 'DynamicallyAccessedMemberTypes.Interfaces' in 'Microsoft.EntityFrameworkCore.Metadata.Builders.EntityTypeBuilder<TEntity>.HasOne<TRelatedEntity>(Expression<Func<TEntity, TRelatedEntity>>)'. The generic parameter 'TAppUserEntity' of 'Umbrella.DataAccess.EntityFrameworkCore.Extensions.EntityTypeBuilderExtensions.SetupCreatedByIdAuditProperty<TEntity, TAppUserEntity, TUserId>(EntityTypeBuilder<TEntity>)' does not have matching annotations. The source value must declare at least the same requirements as those declared on the target location it is assigned to."
"DataAccess\src\Umbrella.DataAccess.EntityFrameworkCore\Extensions\EntityTypeBuilderExtensions.cs","88","3","IL2091","'TEntity' generic argument does not satisfy 'DynamicallyAccessedMemberTypes.PublicConstructors', 'DynamicallyAccessedMemberTypes.NonPublicConstructors', 'DynamicallyAccessedMemberTypes.PublicFields', 'DynamicallyAccessedMemberTypes.NonPublicFields', 'DynamicallyAccessedMemberTypes.PublicProperties', 'DynamicallyAccessedMemberTypes.NonPublicProperties', 'DynamicallyAccessedMemberTypes.Interfaces' in 'Microsoft.EntityFrameworkCore.Metadata.Builders.EntityTypeBuilder<TEntity>'. The generic parameter 'TEntity' of 'Umbrella.DataAccess.EntityFrameworkCore.Extensions.EntityTypeBuilderExtensions.SetupUpdatedByIdAuditProperty<TEntity, TAppUserEntity, TUserId>(EntityTypeBuilder<TEntity>)' does not have matching annotations. The source value must declare at least the same requirements as those declared on the target location it is assigned to."
"DataAccess\src\Umbrella.DataAccess.EntityFrameworkCore\Extensions\EntityTypeBuilderExtensions.cs","90","10","IL2091","'TEntity' generic argument does not satisfy 'DynamicallyAccessedMemberTypes.PublicConstructors', 'DynamicallyAccessedMemberTypes.NonPublicConstructors', 'DynamicallyAccessedMemberTypes.PublicFields', 'DynamicallyAccessedMemberTypes.NonPublicFields', 'DynamicallyAccessedMemberTypes.PublicProperties', 'DynamicallyAccessedMemberTypes.NonPublicProperties', 'DynamicallyAccessedMemberTypes.Interfaces' in 'Microsoft.EntityFrameworkCore.Metadata.Builders.EntityTypeBuilder<TEntity>'. The generic parameter 'TEntity' of 'Umbrella.DataAccess.EntityFrameworkCore.Extensions.EntityTypeBuilderExtensions.SetupUpdatedByIdAuditProperty<TEntity, TAppUserEntity, TUserId>(EntityTypeBuilder<TEntity>)' does not have matching annotations. The source value must declare at least the same requirements as those declared on the target location it is assigned to."
"DataAccess\src\Umbrella.DataAccess.EntityFrameworkCore\Extensions\EntityTypeBuilderExtensions.cs","90","10","IL2091","'TRelatedEntity' generic argument does not satisfy 'DynamicallyAccessedMemberTypes.PublicConstructors', 'DynamicallyAccessedMemberTypes.NonPublicConstructors', 'DynamicallyAccessedMemberTypes.PublicFields', 'DynamicallyAccessedMemberTypes.NonPublicFields', 'DynamicallyAccessedMemberTypes.PublicProperties', 'DynamicallyAccessedMemberTypes.NonPublicProperties', 'DynamicallyAccessedMemberTypes.Interfaces' in 'Microsoft.EntityFrameworkCore.Metadata.Builders.EntityTypeBuilder<TEntity>.HasOne<TRelatedEntity>(Expression<Func<TEntity, TRelatedEntity>>)'. The generic parameter 'TAppUserEntity' of 'Umbrella.DataAccess.EntityFrameworkCore.Extensions.EntityTypeBuilderExtensions.SetupUpdatedByIdAuditProperty<TEntity, TAppUserEntity, TUserId>(EntityTypeBuilder<TEntity>)' does not have matching annotations. The source value must declare at least the same requirements as those declared on the target location it is assigned to."
"DataAccess\src\Umbrella.DataAccess.EntityFrameworkCore\GenericDbRepository.cs","222","10","IL2091","'TEntity' generic argument does not satisfy 'DynamicallyAccessedMemberTypes.PublicConstructors', 'DynamicallyAccessedMemberTypes.NonPublicConstructors', 'DynamicallyAccessedMemberTypes.PublicFields', 'DynamicallyAccessedMemberTypes.NonPublicFields', 'DynamicallyAccessedMemberTypes.PublicProperties', 'DynamicallyAccessedMemberTypes.NonPublicProperties', 'DynamicallyAccessedMemberTypes.Interfaces' in 'Microsoft.EntityFrameworkCore.DbContext.Set<TEntity>()'. The generic parameter 'TEntity' of 'Umbrella.DataAccess.EntityFrameworkCore.GenericDbRepository<TEntity, TDbContext, TRepoOptions, TEntityKey, TUserAuditKey>' does not have matching annotations. The source value must declare at least the same requirements as those declared on the target location it is assigned to."
"DataAccess\src\Umbrella.DataAccess.EntityFrameworkCore\GenericDbRepository.cs","335","8","IL2091","'TEntity' generic argument does not satisfy 'DynamicallyAccessedMemberTypes.PublicConstructors', 'DynamicallyAccessedMemberTypes.NonPublicConstructors', 'DynamicallyAccessedMemberTypes.PublicFields', 'DynamicallyAccessedMemberTypes.NonPublicFields', 'DynamicallyAccessedMemberTypes.PublicProperties', 'DynamicallyAccessedMemberTypes.NonPublicProperties', 'DynamicallyAccessedMemberTypes.Interfaces' in 'Microsoft.EntityFrameworkCore.DbContext.Set<TEntity>()'. The generic parameter 'TEntity' of 'Umbrella.DataAccess.EntityFrameworkCore.GenericDbRepository<TEntity, TDbContext, TRepoOptions, TEntityKey, TUserAuditKey>' does not have matching annotations. The source value must declare at least the same requirements as those declared on the target location it is assigned to."
"DataAccess\src\Umbrella.DataAccess.EntityFrameworkCore\GenericDbRepository.cs","487","13","IL2026","Using member 'System.ComponentModel.DataAnnotations.ValidationContext.ValidationContext(Object)' which has 'RequiresUnreferencedCodeAttribute' can break functionality when trimming application code. Constructing a ValidationContext without a display name is not trim-safe because it uses reflection to discover the type of the instance being validated in order to resolve the DisplayNameAttribute when a display name is not provided."
"DataAccess\src\Umbrella.DataAccess.EntityFrameworkCore\GenericDbRepository.cs","489","7","IL2026","Using member 'System.ComponentModel.DataAnnotations.Validator.TryValidateObject(Object, ValidationContext, ICollection<ValidationResult>, Boolean)' which has 'RequiresUnreferencedCodeAttribute' can break functionality when trimming application code. Constructing a ValidationContext without a display name is not trim-safe because it uses reflection to discover the type of the instance being validated in order to resolve the DisplayNameAttribute when a display name is not provided."
"DataAccess\src\Umbrella.DataAccess.EntityFrameworkCore\GenericDbRepository.cs","623","36","IL2091","'TEntity' generic argument does not satisfy 'DynamicallyAccessedMemberTypes.PublicConstructors', 'DynamicallyAccessedMemberTypes.NonPublicConstructors', 'DynamicallyAccessedMemberTypes.PublicFields', 'DynamicallyAccessedMemberTypes.NonPublicFields', 'DynamicallyAccessedMemberTypes.PublicProperties', 'DynamicallyAccessedMemberTypes.NonPublicProperties', 'DynamicallyAccessedMemberTypes.Interfaces' in 'Microsoft.EntityFrameworkCore.DbContext.Set<TEntity>()'. The generic parameter 'TTargetEntity' of 'Umbrella.DataAccess.EntityFrameworkCore.GenericDbRepository<TEntity, TDbContext, TRepoOptions, TEntityKey, TUserAuditKey>.SyncDependenciesAsync<TTargetEntity, TTargetEntityKey, TTargetEntityRepoOptions, TTargetRepository>(ICollection<TTargetEntity>, TTargetRepository, Expression<Func<TTargetEntity, Boolean>>, IEnumerable<RepoOptions>, CancellationToken)' does not have matching annotations. The source value must declare at least the same requirements as those declared on the target location it is assigned to."
"DataAccess\src\Umbrella.DataAccess.EntityFrameworkCore\ReadOnlyGenericDbRepository.cs","149","58","IL2091","'TEntity' generic argument does not satisfy 'DynamicallyAccessedMemberTypes.PublicConstructors', 'DynamicallyAccessedMemberTypes.NonPublicConstructors', 'DynamicallyAccessedMemberTypes.PublicFields', 'DynamicallyAccessedMemberTypes.NonPublicFields', 'DynamicallyAccessedMemberTypes.PublicProperties', 'DynamicallyAccessedMemberTypes.NonPublicProperties', 'DynamicallyAccessedMemberTypes.Interfaces' in 'Microsoft.EntityFrameworkCore.DbContext.Set<TEntity>()'. The generic parameter 'TEntity' of 'Umbrella.DataAccess.EntityFrameworkCore.ReadOnlyGenericDbRepository<TEntity, TDbContext, TRepoOptions, TEntityKey, TUserAuditKey>' does not have matching annotations. The source value must declare at least the same requirements as those declared on the target location it is assigned to."
"DataAccess\src\Umbrella.DataAccess.EntityFrameworkCore\UmbrellaDbContext.cs","24","2","IL2026","Using member 'Microsoft.EntityFrameworkCore.DbContext.DbContext()' which has 'RequiresUnreferencedCodeAttribute' can break functionality when trimming application code. EF Core isn't fully compatible with trimming, and running the application may generate unexpected runtime failures. Some specific coding pattern are usually required to make trimming work properly, see https://aka.ms/efcore-docs-trimming for more details."
"DataAccess\src\Umbrella.DataAccess.EntityFrameworkCore\UmbrellaDbContext.cs","24","2","IL3050","Using member 'Microsoft.EntityFrameworkCore.DbContext.DbContext()' which has 'RequiresDynamicCodeAttribute' can break functionality when AOT compiling. EF Core isn't fully compatible with NativeAOT, and running the application may generate unexpected runtime failures."
"DataAccess\src\Umbrella.DataAccess.EntityFrameworkCore\UmbrellaDbContext.cs","38","3","IL2026","Using member 'Microsoft.EntityFrameworkCore.DbContext.DbContext(DbContextOptions)' which has 'RequiresUnreferencedCodeAttribute' can break functionality when trimming application code. EF Core isn't fully compatible with trimming, and running the application may generate unexpected runtime failures. Some specific coding pattern are usually required to make trimming work properly, see https://aka.ms/efcore-docs-trimming for more details."
"DataAccess\src\Umbrella.DataAccess.EntityFrameworkCore\UmbrellaDbContext.cs","38","3","IL3050","Using member 'Microsoft.EntityFrameworkCore.DbContext.DbContext(DbContextOptions)' which has 'RequiresDynamicCodeAttribute' can break functionality when AOT compiling. EF Core isn't fully compatible with NativeAOT, and running the application may generate unexpected runtime failures."
"FileSystem\src\Umbrella.FileSystem.Abstractions\UmbrellaFileStorageProviderFactory.cs","70","18","IL2091","'T' generic argument does not satisfy 'DynamicallyAccessedMemberTypes.PublicConstructors' in 'Microsoft.Extensions.DependencyInjection.ActivatorUtilities.CreateInstance<T>(IServiceProvider, params Object[])'. The generic parameter 'TProvider' of 'Umbrella.FileSystem.Abstractions.UmbrellaFileStorageProviderFactory.CreateProvider<TProvider, TOptions>(TOptions, IServiceCollection)' does not have matching annotations. The source value must declare at least the same requirements as those declared on the target location it is assigned to."
